,Order #,Order
0,1,Harry's Deluxe Burger
1,2,Harry's Deluxe Burger
2,3,Hamburger
3,4,Harry's Deluxe Burger
4,5,Cheeseburger
5,6,Harry's Deluxe Burger
6,7,Hamburger
7,8,Harry's Deluxe Burger
8,9,Harry's Deluxe Burger
9,10,Hamburger
10,11,Harry's Deluxe Burger
11,12,Cheeseburger
12,13,Harry's Deluxe Burger
13,14,Harry's Deluxe Burger
14,15,Cheeseburger
15,16,Cheeseburger
16,17,Harry's Deluxe Burger
17,18,Cheeseburger
18,19,Cheeseburger
19,20,Harry's Deluxe Burger
20,21,Harry's Deluxe Burger
21,22,Cheeseburger
22,23,Harry's Deluxe Burger
23,24,Harry's Deluxe Burger
24,25,Cheeseburger
25,26,Harry's Deluxe Burger
26,27,Harry's Deluxe Burger
27,28,Harry's Deluxe Burger
28,29,Harry's Deluxe Burger
29,30,Harry's Deluxe Burger
30,31,Harry's Deluxe Burger
31,32,Hamburger
32,33,Cheeseburger
33,34,Cheeseburger
34,35,Cheeseburger
35,36,Harry's Deluxe Burger
36,37,Cheeseburger
37,38,Cheeseburger
38,39,Hamburger
39,40,Hamburger
40,41,Harry's Deluxe Burger
41,42,Cheeseburger
42,43,Hamburger
43,44,Harry's Deluxe Burger
44,45,Harry's Deluxe Burger
45,46,Harry's Deluxe Burger
46,47,Cheeseburger
47,48,Harry's Deluxe Burger
48,49,Cheeseburger
49,50,Harry's Deluxe Burger
50,51,Hamburger
51,52,Harry's Deluxe Burger
52,53,Harry's Deluxe Burger
53,54,Harry's Deluxe Burger
54,55,Harry's Deluxe Burger
55,56,Harry's Deluxe Burger
56,57,Cheeseburger
57,58,Cheeseburger
58,59,Harry's Deluxe Burger
59,60,Hamburger
60,61,Harry's Deluxe Burger
61,62,Harry's Deluxe Burger
62,63,Cheeseburger
63,64,Hamburger
64,65,Cheeseburger
65,66,Harry's Deluxe Burger
66,67,Cheeseburger
67,68,Cheeseburger
68,69,Cheeseburger
69,70,Harry's Deluxe Burger
70,71,Hamburger
71,72,Hamburger
72,73,Harry's Deluxe Burger
73,74,Cheeseburger
74,75,Harry's Deluxe Burger
75,76,Harry's Deluxe Burger
76,77,Cheeseburger
77,78,Cheeseburger
78,79,Harry's Deluxe Burger
79,80,Harry's Deluxe Burger
80,81,Harry's Deluxe Burger
81,82,Cheeseburger
82,83,Hamburger
83,84,Hamburger
84,85,Hamburger
85,86,Cheeseburger
86,87,Harry's Deluxe Burger
87,88,Harry's Deluxe Burger
88,89,Harry's Deluxe Burger
89,90,Cheeseburger
90,91,Harry's Deluxe Burger
91,92,Harry's Deluxe Burger
92,93,Cheeseburger
93,94,Cheeseburger
94,95,Harry's Deluxe Burger
95,96,Harry's Deluxe Burger
96,97,Harry's Deluxe Burger
97,98,Cheeseburger
98,99,Cheeseburger
99,100,Harry's Deluxe Burger
100,101,Cheeseburger
101,102,Cheeseburger
102,103,Harry's Deluxe Burger
103,104,Harry's Deluxe Burger
104,105,Cheeseburger
105,106,Hamburger
106,107,Harry's Deluxe Burger
107,108,Cheeseburger
108,109,Harry's Deluxe Burger
109,110,Harry's Deluxe Burger
110,111,Harry's Deluxe Burger
111,112,Cheeseburger
112,113,Harry's Deluxe Burger
113,114,Harry's Deluxe Burger
114,115,Cheeseburger
115,116,Cheeseburger
116,117,Harry's Deluxe Burger
117,118,Harry's Deluxe Burger
118,119,Harry's Deluxe Burger
119,120,Harry's Deluxe Burger
120,121,Harry's Deluxe Burger
121,122,Hamburger
122,123,Harry's Deluxe Burger
123,124,Harry's Deluxe Burger
124,125,Cheeseburger
125,126,Hamburger
126,127,Cheeseburger
127,128,Harry's Deluxe Burger
128,129,Cheeseburger
129,130,Hamburger
130,131,Harry's Deluxe Burger
131,132,Cheeseburger
132,133,Cheeseburger
133,134,Harry's Deluxe Burger
134,135,Harry's Deluxe Burger
135,136,Harry's Deluxe Burger
136,137,Harry's Deluxe Burger
137,138,Harry's Deluxe Burger
138,139,Harry's Deluxe Burger
139,140,Harry's Deluxe Burger
140,141,Harry's Deluxe Burger
141,142,Harry's Deluxe Burger
142,143,Harry's Deluxe Burger
143,144,Harry's Deluxe Burger
144,145,Cheeseburger
145,146,Hamburger
146,147,Harry's Deluxe Burger
147,148,Harry's Deluxe Burger
148,149,Harry's Deluxe Burger
149,150,Harry's Deluxe Burger
150,151,Cheeseburger
151,152,Harry's Deluxe Burger
152,153,Harry's Deluxe Burger
153,154,Harry's Deluxe Burger
154,155,Hamburger
155,156,Cheeseburger
156,157,Hamburger
157,158,Harry's Deluxe Burger
158,159,Cheeseburger
159,160,Harry's Deluxe Burger
160,161,Cheeseburger
161,162,Harry's Deluxe Burger
162,163,Harry's Deluxe Burger
163,164,Hamburger
164,165,Harry's Deluxe Burger
165,166,Harry's Deluxe Burger
166,167,Harry's Deluxe Burger
167,168,Harry's Deluxe Burger
168,169,Harry's Deluxe Burger
169,170,Harry's Deluxe Burger
170,171,Harry's Deluxe Burger
171,172,Cheeseburger
172,173,Harry's Deluxe Burger
173,174,Harry's Deluxe Burger
174,175,Cheeseburger
175,176,Hamburger
176,177,Harry's Deluxe Burger
177,178,Harry's Deluxe Burger
178,179,Harry's Deluxe Burger
179,180,Harry's Deluxe Burger
180,181,Hamburger
181,182,Cheeseburger
182,183,Harry's Deluxe Burger
183,184,Harry's Deluxe Burger
184,185,Cheeseburger
185,186,Harry's Deluxe Burger
186,187,Harry's Deluxe Burger
187,188,Harry's Deluxe Burger
188,189,Harry's Deluxe Burger
189,190,Harry's Deluxe Burger
190,191,Cheeseburger
191,192,Harry's Deluxe Burger
192,193,Harry's Deluxe Burger
193,194,Cheeseburger
194,195,Harry's Deluxe Burger
195,196,Cheeseburger
196,197,Cheeseburger
197,198,Cheeseburger
198,199,Cheeseburger
199,200,Harry's Deluxe Burger
200,201,Cheeseburger
201,202,Cheeseburger
202,203,Cheeseburger
203,204,Cheeseburger
204,205,Cheeseburger
205,206,Hamburger
206,207,Harry's Deluxe Burger
207,208,Harry's Deluxe Burger
208,209,Harry's Deluxe Burger
209,210,Harry's Deluxe Burger
210,211,Hamburger
211,212,Cheeseburger
212,213,Harry's Deluxe Burger
213,214,Cheeseburger
214,215,Harry's Deluxe Burger
215,216,Hamburger
216,217,Harry's Deluxe Burger
217,218,Cheeseburger
218,219,Harry's Deluxe Burger
219,220,Harry's Deluxe Burger
220,221,Harry's Deluxe Burger
221,222,Cheeseburger
222,223,Harry's Deluxe Burger
223,224,Harry's Deluxe Burger
224,225,Harry's Deluxe Burger
225,226,Hamburger
226,227,Harry's Deluxe Burger
227,228,Cheeseburger
228,229,Harry's Deluxe Burger
229,230,Harry's Deluxe Burger
230,231,Cheeseburger
231,232,Cheeseburger
232,233,Cheeseburger
233,234,Harry's Deluxe Burger
234,235,Cheeseburger
235,236,Harry's Deluxe Burger
236,237,Harry's Deluxe Burger
237,238,Hamburger
238,239,Hamburger
239,240,Hamburger
240,241,Harry's Deluxe Burger
241,242,Harry's Deluxe Burger
242,243,Harry's Deluxe Burger
243,244,Harry's Deluxe Burger
244,245,Harry's Deluxe Burger
245,246,Cheeseburger
246,247,Harry's Deluxe Burger
247,248,Cheeseburger
248,249,Harry's Deluxe Burger
249,250,Cheeseburger
250,251,Harry's Deluxe Burger
251,252,Harry's Deluxe Burger
252,253,Harry's Deluxe Burger
253,254,Harry's Deluxe Burger
254,255,Harry's Deluxe Burger
255,256,Hamburger
256,257,Hamburger
257,258,Cheeseburger
258,259,Cheeseburger
259,260,Cheeseburger
260,261,Harry's Deluxe Burger
261,262,Cheeseburger
262,263,Harry's Deluxe Burger
263,264,Harry's Deluxe Burger
264,265,Harry's Deluxe Burger
265,266,Harry's Deluxe Burger
266,267,Cheeseburger
267,268,Harry's Deluxe Burger
268,269,Harry's Deluxe Burger
269,270,Cheeseburger
270,271,Cheeseburger
271,272,Cheeseburger
272,273,Cheeseburger
273,274,Cheeseburger
274,275,Harry's Deluxe Burger
275,276,Harry's Deluxe Burger
276,277,Harry's Deluxe Burger
277,278,Harry's Deluxe Burger
278,279,Harry's Deluxe Burger
279,280,Cheeseburger
280,281,Hamburger
281,282,Harry's Deluxe Burger
282,283,Cheeseburger
283,284,Harry's Deluxe Burger
284,285,Harry's Deluxe Burger
285,286,Harry's Deluxe Burger
286,287,Harry's Deluxe Burger
287,288,Harry's Deluxe Burger
288,289,Harry's Deluxe Burger
289,290,Harry's Deluxe Burger
290,291,Cheeseburger
291,292,Harry's Deluxe Burger
292,293,Harry's Deluxe Burger
293,294,Harry's Deluxe Burger
294,295,Harry's Deluxe Burger
295,296,Harry's Deluxe Burger
296,297,Harry's Deluxe Burger
297,298,Harry's Deluxe Burger
298,299,Cheeseburger
299,300,Cheeseburger
300,301,Harry's Deluxe Burger
301,302,Harry's Deluxe Burger
302,303,Harry's Deluxe Burger
303,304,Hamburger
304,305,Cheeseburger
305,306,Cheeseburger
306,307,Harry's Deluxe Burger
307,308,Cheeseburger
308,309,Harry's Deluxe Burger
309,310,Harry's Deluxe Burger
310,311,Harry's Deluxe Burger
311,312,Harry's Deluxe Burger
312,313,Harry's Deluxe Burger
313,314,Harry's Deluxe Burger
314,315,Harry's Deluxe Burger
315,316,Hamburger
316,317,Harry's Deluxe Burger
317,318,Harry's Deluxe Burger
318,319,Cheeseburger
319,320,Harry's Deluxe Burger
320,321,Cheeseburger
321,322,Cheeseburger
322,323,Harry's Deluxe Burger
323,324,Harry's Deluxe Burger
324,325,Cheeseburger
325,326,Cheeseburger
326,327,Harry's Deluxe Burger
327,328,Harry's Deluxe Burger
328,329,Harry's Deluxe Burger
329,330,Harry's Deluxe Burger
330,331,Harry's Deluxe Burger
331,332,Cheeseburger
332,333,Cheeseburger
333,334,Cheeseburger
334,335,Cheeseburger
335,336,Harry's Deluxe Burger
336,337,Cheeseburger
337,338,Harry's Deluxe Burger
338,339,Hamburger
339,340,Harry's Deluxe Burger
340,341,Hamburger
341,342,Harry's Deluxe Burger
342,343,Harry's Deluxe Burger
343,344,Cheeseburger
344,345,Cheeseburger
345,346,Cheeseburger
346,347,Cheeseburger
347,348,Harry's Deluxe Burger
348,349,Harry's Deluxe Burger
349,350,Hamburger
350,351,Harry's Deluxe Burger
351,352,Harry's Deluxe Burger
352,353,Harry's Deluxe Burger
353,354,Harry's Deluxe Burger
354,355,Harry's Deluxe Burger
355,356,Harry's Deluxe Burger
356,357,Harry's Deluxe Burger
357,358,Hamburger
358,359,Hamburger
359,360,Cheeseburger
360,361,Harry's Deluxe Burger
361,362,Harry's Deluxe Burger
362,363,Cheeseburger
363,364,Harry's Deluxe Burger
364,365,Harry's Deluxe Burger
365,366,Cheeseburger
366,367,Hamburger
367,368,Harry's Deluxe Burger
368,369,Cheeseburger
369,370,Cheeseburger
370,371,Cheeseburger
371,372,Harry's Deluxe Burger
372,373,Cheeseburger
373,374,Harry's Deluxe Burger
374,375,Harry's Deluxe Burger
375,376,Harry's Deluxe Burger
376,377,Harry's Deluxe Burger
377,378,Harry's Deluxe Burger
378,379,Cheeseburger
379,380,Hamburger
380,381,Harry's Deluxe Burger
381,382,Harry's Deluxe Burger
382,383,Hamburger
383,384,Harry's Deluxe Burger
384,385,Cheeseburger
385,386,Hamburger
386,387,Cheeseburger
387,388,Cheeseburger
388,389,Harry's Deluxe Burger
389,390,Cheeseburger
390,391,Cheeseburger
391,392,Cheeseburger
392,393,Cheeseburger
393,394,Harry's Deluxe Burger
394,395,Harry's Deluxe Burger
395,396,Cheeseburger
396,397,Cheeseburger
397,398,Harry's Deluxe Burger
398,399,Cheeseburger
399,400,Harry's Deluxe Burger
400,401,Hamburger
401,402,Cheeseburger
402,403,Cheeseburger
403,404,Harry's Deluxe Burger
404,405,Harry's Deluxe Burger
405,406,Harry's Deluxe Burger
406,407,Harry's Deluxe Burger
407,408,Cheeseburger
408,409,Harry's Deluxe Burger
409,410,Cheeseburger
410,411,Harry's Deluxe Burger
411,412,Harry's Deluxe Burger
412,413,Harry's Deluxe Burger
413,414,Harry's Deluxe Burger
414,415,Cheeseburger
415,416,Hamburger
416,417,Harry's Deluxe Burger
417,418,Hamburger
418,419,Harry's Deluxe Burger
419,420,Cheeseburger
420,421,Cheeseburger
421,422,Cheeseburger
422,423,Cheeseburger
423,424,Harry's Deluxe Burger
424,425,Harry's Deluxe Burger
425,426,Cheeseburger
426,427,Harry's Deluxe Burger
427,428,Harry's Deluxe Burger
428,429,Harry's Deluxe Burger
429,430,Hamburger
430,431,Cheeseburger
431,432,Harry's Deluxe Burger
432,433,Cheeseburger
433,434,Hamburger
434,435,Cheeseburger
435,436,Harry's Deluxe Burger
436,437,Hamburger
437,438,Harry's Deluxe Burger
438,439,Harry's Deluxe Burger
439,440,Harry's Deluxe Burger
440,441,Harry's Deluxe Burger
441,442,Harry's Deluxe Burger
442,443,Harry's Deluxe Burger
443,444,Hamburger
444,445,Harry's Deluxe Burger
445,446,Cheeseburger
446,447,Harry's Deluxe Burger
447,448,Harry's Deluxe Burger
448,449,Harry's Deluxe Burger
449,450,Cheeseburger
450,451,Harry's Deluxe Burger
451,452,Harry's Deluxe Burger
452,453,Hamburger
453,454,Cheeseburger
454,455,Hamburger
455,456,Harry's Deluxe Burger
456,457,Harry's Deluxe Burger
457,458,Harry's Deluxe Burger
458,459,Harry's Deluxe Burger
459,460,Cheeseburger
460,461,Hamburger
461,462,Harry's Deluxe Burger
462,463,Harry's Deluxe Burger
463,464,Cheeseburger
464,465,Cheeseburger
465,466,Harry's Deluxe Burger
466,467,Harry's Deluxe Burger
467,468,Harry's Deluxe Burger
468,469,Harry's Deluxe Burger
469,470,Harry's Deluxe Burger
470,471,Cheeseburger
471,472,Cheeseburger
472,473,Harry's Deluxe Burger
473,474,Cheeseburger
474,475,Hamburger
475,476,Hamburger
476,477,Hamburger
477,478,Cheeseburger
478,479,Hamburger
479,480,Harry's Deluxe Burger
480,481,Cheeseburger
481,482,Harry's Deluxe Burger
482,483,Harry's Deluxe Burger
483,484,Hamburger
484,485,Cheeseburger
485,486,Cheeseburger
486,487,Harry's Deluxe Burger
487,488,Cheeseburger
488,489,Harry's Deluxe Burger
489,490,Harry's Deluxe Burger
490,491,Cheeseburger
491,492,Harry's Deluxe Burger
492,493,Harry's Deluxe Burger
493,494,Cheeseburger
494,495,Cheeseburger
495,496,Harry's Deluxe Burger
496,497,Harry's Deluxe Burger
497,498,Harry's Deluxe Burger
498,499,Harry's Deluxe Burger
499,500,Harry's Deluxe Burger
500,501,Harry's Deluxe Burger
501,502,Harry's Deluxe Burger
502,503,Cheeseburger
503,504,Cheeseburger
504,505,Hamburger
505,506,Harry's Deluxe Burger
506,507,Cheeseburger
507,508,Hamburger
508,509,Harry's Deluxe Burger
509,510,Harry's Deluxe Burger
510,511,Cheeseburger
511,512,Harry's Deluxe Burger
512,513,Cheeseburger
513,514,Harry's Deluxe Burger
514,515,Harry's Deluxe Burger
515,516,Harry's Deluxe Burger
516,517,Hamburger
517,518,Cheeseburger
518,519,Cheeseburger
519,520,Hamburger
520,521,Cheeseburger
521,522,Cheeseburger
522,523,Harry's Deluxe Burger
523,524,Harry's Deluxe Burger
524,525,Cheeseburger
525,526,Cheeseburger
526,527,Cheeseburger
527,528,Cheeseburger
528,529,Harry's Deluxe Burger
529,530,Harry's Deluxe Burger
530,531,Harry's Deluxe Burger
531,532,Harry's Deluxe Burger
532,533,Cheeseburger
533,534,Cheeseburger
534,535,Harry's Deluxe Burger
535,536,Cheeseburger
536,537,Harry's Deluxe Burger
537,538,Cheeseburger
538,539,Harry's Deluxe Burger
539,540,Harry's Deluxe Burger
540,541,Harry's Deluxe Burger
541,542,Harry's Deluxe Burger
542,543,Harry's Deluxe Burger
543,544,Hamburger
544,545,Harry's Deluxe Burger
545,546,Harry's Deluxe Burger
546,547,Harry's Deluxe Burger
547,548,Hamburger
548,549,Harry's Deluxe Burger
549,550,Cheeseburger
550,551,Harry's Deluxe Burger
551,552,Harry's Deluxe Burger
552,553,Harry's Deluxe Burger
553,554,Harry's Deluxe Burger
554,555,Cheeseburger
555,556,Cheeseburger
556,557,Cheeseburger
557,558,Hamburger
558,559,Cheeseburger
559,560,Cheeseburger
560,561,Harry's Deluxe Burger
561,562,Harry's Deluxe Burger
562,563,Cheeseburger
563,564,Harry's Deluxe Burger
564,565,Harry's Deluxe Burger
565,566,Cheeseburger
566,567,Cheeseburger
567,568,Harry's Deluxe Burger
568,569,Cheeseburger
569,570,Hamburger
570,571,Harry's Deluxe Burger
571,572,Harry's Deluxe Burger
572,573,Cheeseburger
573,574,Harry's Deluxe Burger
574,575,Harry's Deluxe Burger
575,576,Harry's Deluxe Burger
576,577,Cheeseburger
577,578,Hamburger
578,579,Cheeseburger
579,580,Harry's Deluxe Burger
580,581,Cheeseburger
581,582,Harry's Deluxe Burger
582,583,Harry's Deluxe Burger
583,584,Cheeseburger
584,585,Harry's Deluxe Burger
585,586,Harry's Deluxe Burger
586,587,Cheeseburger
587,588,Harry's Deluxe Burger
588,589,Harry's Deluxe Burger
589,590,Hamburger
590,591,Harry's Deluxe Burger
591,592,Harry's Deluxe Burger
592,593,Harry's Deluxe Burger
593,594,Cheeseburger
594,595,Cheeseburger
595,596,Harry's Deluxe Burger
596,597,Hamburger
597,598,Harry's Deluxe Burger
598,599,Hamburger
599,600,Harry's Deluxe Burger
600,601,Cheeseburger
601,602,Harry's Deluxe Burger
602,603,Cheeseburger
603,604,Harry's Deluxe Burger
604,605,Harry's Deluxe Burger
605,606,Hamburger
606,607,Harry's Deluxe Burger
607,608,Harry's Deluxe Burger
608,609,Harry's Deluxe Burger
609,610,Hamburger
610,611,Harry's Deluxe Burger
611,612,Hamburger
612,613,Cheeseburger
613,614,Harry's Deluxe Burger
614,615,Harry's Deluxe Burger
615,616,Hamburger
616,617,Harry's Deluxe Burger
617,618,Harry's Deluxe Burger
618,619,Hamburger
619,620,Harry's Deluxe Burger
620,621,Cheeseburger
621,622,Harry's Deluxe Burger
622,623,Harry's Deluxe Burger
623,624,Harry's Deluxe Burger
624,625,Cheeseburger
625,626,Hamburger
626,627,Cheeseburger
627,628,Hamburger
628,629,Cheeseburger
629,630,Cheeseburger
630,631,Cheeseburger
631,632,Cheeseburger
632,633,Harry's Deluxe Burger
633,634,Cheeseburger
634,635,Cheeseburger
635,636,Cheeseburger
636,637,Hamburger
637,638,Cheeseburger
638,639,Harry's Deluxe Burger
639,640,Harry's Deluxe Burger
640,641,Harry's Deluxe Burger
641,642,Harry's Deluxe Burger
642,643,Cheeseburger
643,644,Cheeseburger
644,645,Harry's Deluxe Burger
645,646,Harry's Deluxe Burger
646,647,Harry's Deluxe Burger
647,648,Cheeseburger
648,649,Cheeseburger
649,650,Harry's Deluxe Burger
650,651,Harry's Deluxe Burger
651,652,Harry's Deluxe Burger
652,653,Harry's Deluxe Burger
653,654,Harry's Deluxe Burger
654,655,Harry's Deluxe Burger
655,656,Cheeseburger
656,657,Cheeseburger
657,658,Harry's Deluxe Burger
658,659,Hamburger
659,660,Harry's Deluxe Burger
660,661,Harry's Deluxe Burger
661,662,Harry's Deluxe Burger
662,663,Harry's Deluxe Burger
663,664,Harry's Deluxe Burger
664,665,Cheeseburger
665,666,Hamburger
666,667,Harry's Deluxe Burger
667,668,Harry's Deluxe Burger
668,669,Cheeseburger
669,670,Hamburger
670,671,Cheeseburger
671,672,Harry's Deluxe Burger
672,673,Hamburger
673,674,Harry's Deluxe Burger
674,675,Harry's Deluxe Burger
675,676,Hamburger
676,677,Hamburger
677,678,Cheeseburger
678,679,Harry's Deluxe Burger
679,680,Harry's Deluxe Burger
680,681,Harry's Deluxe Burger
681,682,Cheeseburger
682,683,Harry's Deluxe Burger
683,684,Harry's Deluxe Burger
684,685,Harry's Deluxe Burger
685,686,Harry's Deluxe Burger
686,687,Cheeseburger
687,688,Harry's Deluxe Burger
688,689,Harry's Deluxe Burger
689,690,Cheeseburger
690,691,Cheeseburger
691,692,Harry's Deluxe Burger
692,693,Hamburger
693,694,Harry's Deluxe Burger
694,695,Harry's Deluxe Burger
695,696,Harry's Deluxe Burger
696,697,Harry's Deluxe Burger
697,698,Harry's Deluxe Burger
698,699,Cheeseburger
699,700,Cheeseburger
700,701,Harry's Deluxe Burger
701,702,Cheeseburger
702,703,Harry's Deluxe Burger
703,704,Cheeseburger
704,705,Harry's Deluxe Burger
705,706,Harry's Deluxe Burger
706,707,Cheeseburger
707,708,Hamburger
708,709,Harry's Deluxe Burger
709,710,Harry's Deluxe Burger
710,711,Cheeseburger
711,712,Cheeseburger
712,713,Hamburger
713,714,Cheeseburger
714,715,Cheeseburger
715,716,Harry's Deluxe Burger
716,717,Hamburger
717,718,Cheeseburger
718,719,Harry's Deluxe Burger
719,720,Cheeseburger
720,721,Harry's Deluxe Burger
721,722,Cheeseburger
722,723,Harry's Deluxe Burger
723,724,Cheeseburger
724,725,Hamburger
725,726,Harry's Deluxe Burger
726,727,Harry's Deluxe Burger
727,728,Cheeseburger
728,729,Cheeseburger
729,730,Harry's Deluxe Burger
730,731,Harry's Deluxe Burger
731,732,Cheeseburger
732,733,Harry's Deluxe Burger
733,734,Cheeseburger
734,735,Harry's Deluxe Burger
735,736,Hamburger
736,737,Harry's Deluxe Burger
737,738,Harry's Deluxe Burger
738,739,Harry's Deluxe Burger
739,740,Harry's Deluxe Burger
740,741,Cheeseburger
741,742,Cheeseburger
742,743,Harry's Deluxe Burger
743,744,Harry's Deluxe Burger
744,745,Harry's Deluxe Burger
745,746,Harry's Deluxe Burger
746,747,Hamburger
747,748,Hamburger
748,749,Harry's Deluxe Burger
749,750,Hamburger
750,751,Harry's Deluxe Burger
751,752,Cheeseburger
752,753,Cheeseburger
753,754,Harry's Deluxe Burger
754,755,Harry's Deluxe Burger
755,756,Harry's Deluxe Burger
756,757,Cheeseburger
757,758,Harry's Deluxe Burger
758,759,Harry's Deluxe Burger
759,760,Harry's Deluxe Burger
760,761,Hamburger
761,762,Harry's Deluxe Burger
762,763,Cheeseburger
763,764,Harry's Deluxe Burger
764,765,Harry's Deluxe Burger
765,766,Cheeseburger
766,767,Harry's Deluxe Burger
767,768,Harry's Deluxe Burger
768,769,Harry's Deluxe Burger
769,770,Cheeseburger
770,771,Harry's Deluxe Burger
771,772,Harry's Deluxe Burger
772,773,Cheeseburger
773,774,Cheeseburger
774,775,Hamburger
775,776,Cheeseburger
776,777,Cheeseburger
777,778,Cheeseburger
778,779,Harry's Deluxe Burger
779,780,Harry's Deluxe Burger
780,781,Hamburger
781,782,Cheeseburger
782,783,Cheeseburger
783,784,Hamburger
784,785,Harry's Deluxe Burger
785,786,Hamburger
786,787,Harry's Deluxe Burger
787,788,Harry's Deluxe Burger
788,789,Harry's Deluxe Burger
789,790,Harry's Deluxe Burger
790,791,Cheeseburger
791,792,Cheeseburger
792,793,Harry's Deluxe Burger
793,794,Harry's Deluxe Burger
794,795,Hamburger
795,796,Harry's Deluxe Burger
796,797,Harry's Deluxe Burger
797,798,Cheeseburger
798,799,Harry's Deluxe Burger
799,800,Cheeseburger
800,801,Cheeseburger
801,802,Harry's Deluxe Burger
802,803,Cheeseburger
803,804,Cheeseburger
804,805,Harry's Deluxe Burger
805,806,Hamburger
806,807,Harry's Deluxe Burger
807,808,Harry's Deluxe Burger
808,809,Cheeseburger
809,810,Harry's Deluxe Burger
810,811,Cheeseburger
811,812,Cheeseburger
812,813,Harry's Deluxe Burger
813,814,Hamburger
814,815,Cheeseburger
815,816,Cheeseburger
816,817,Cheeseburger
817,818,Hamburger
818,819,Harry's Deluxe Burger
819,820,Cheeseburger
820,821,Harry's Deluxe Burger
821,822,Harry's Deluxe Burger
822,823,Harry's Deluxe Burger
823,824,Harry's Deluxe Burger
824,825,Cheeseburger
825,826,Harry's Deluxe Burger
826,827,Harry's Deluxe Burger
827,828,Cheeseburger
828,829,Cheeseburger
829,830,Harry's Deluxe Burger
830,831,Hamburger
831,832,Harry's Deluxe Burger
832,833,Harry's Deluxe Burger
833,834,Harry's Deluxe Burger
834,835,Harry's Deluxe Burger
835,836,Hamburger
836,837,Hamburger
837,838,Harry's Deluxe Burger
838,839,Hamburger
839,840,Cheeseburger
840,841,Cheeseburger
841,842,Cheeseburger
842,843,Harry's Deluxe Burger
843,844,Harry's Deluxe Burger
844,845,Harry's Deluxe Burger
845,846,Harry's Deluxe Burger
846,847,Harry's Deluxe Burger
847,848,Harry's Deluxe Burger
848,849,Harry's Deluxe Burger
849,850,Harry's Deluxe Burger
850,851,Cheeseburger
851,852,Harry's Deluxe Burger
852,853,Harry's Deluxe Burger
853,854,Harry's Deluxe Burger
854,855,Hamburger
855,856,Harry's Deluxe Burger
856,857,Harry's Deluxe Burger
857,858,Harry's Deluxe Burger
858,859,Hamburger
859,860,Harry's Deluxe Burger
860,861,Harry's Deluxe Burger
861,862,Cheeseburger
862,863,Harry's Deluxe Burger
863,864,Harry's Deluxe Burger
864,865,Cheeseburger
865,866,Cheeseburger
866,867,Harry's Deluxe Burger
867,868,Cheeseburger
868,869,Harry's Deluxe Burger
869,870,Cheeseburger
870,871,Harry's Deluxe Burger
871,872,Harry's Deluxe Burger
872,873,Harry's Deluxe Burger
873,874,Harry's Deluxe Burger
874,875,Cheeseburger
875,876,Harry's Deluxe Burger
876,877,Hamburger
877,878,Harry's Deluxe Burger
878,879,Harry's Deluxe Burger
879,880,Hamburger
880,881,Cheeseburger
881,882,Hamburger
882,883,Cheeseburger
883,884,Harry's Deluxe Burger
884,885,Harry's Deluxe Burger
885,886,Cheeseburger
886,887,Hamburger
887,888,Harry's Deluxe Burger
888,889,Cheeseburger
889,890,Harry's Deluxe Burger
890,891,Harry's Deluxe Burger
891,892,Harry's Deluxe Burger
892,893,Harry's Deluxe Burger
893,894,Harry's Deluxe Burger
894,895,Harry's Deluxe Burger
895,896,Harry's Deluxe Burger
896,897,Harry's Deluxe Burger
897,898,Harry's Deluxe Burger
898,899,Harry's Deluxe Burger
899,900,Harry's Deluxe Burger
900,901,Harry's Deluxe Burger
901,902,Hamburger
902,903,Cheeseburger
903,904,Cheeseburger
904,905,Cheeseburger
905,906,Hamburger
906,907,Harry's Deluxe Burger
907,908,Harry's Deluxe Burger
908,909,Cheeseburger
909,910,Harry's Deluxe Burger
910,911,Harry's Deluxe Burger
911,912,Cheeseburger
912,913,Harry's Deluxe Burger
913,914,Harry's Deluxe Burger
914,915,Harry's Deluxe Burger
915,916,Hamburger
916,917,Harry's Deluxe Burger
917,918,Harry's Deluxe Burger
918,919,Harry's Deluxe Burger
919,920,Harry's Deluxe Burger
920,921,Harry's Deluxe Burger
921,922,Harry's Deluxe Burger
922,923,Harry's Deluxe Burger
923,924,Cheeseburger
924,925,Cheeseburger
925,926,Cheeseburger
926,927,Hamburger
927,928,Cheeseburger
928,929,Cheeseburger
929,930,Harry's Deluxe Burger
930,931,Harry's Deluxe Burger
931,932,Hamburger
932,933,Harry's Deluxe Burger
933,934,Cheeseburger
934,935,Cheeseburger
935,936,Harry's Deluxe Burger
936,937,Cheeseburger
937,938,Harry's Deluxe Burger
938,939,Harry's Deluxe Burger
939,940,Harry's Deluxe Burger
940,941,Hamburger
941,942,Harry's Deluxe Burger
942,943,Hamburger
943,944,Harry's Deluxe Burger
944,945,Hamburger
945,946,Hamburger
946,947,Cheeseburger
947,948,Hamburger
948,949,Cheeseburger
949,950,Harry's Deluxe Burger
950,951,Cheeseburger
951,952,Harry's Deluxe Burger
952,953,Cheeseburger
953,954,Harry's Deluxe Burger
954,955,Cheeseburger
955,956,Harry's Deluxe Burger
956,957,Harry's Deluxe Burger
957,958,Cheeseburger
958,959,Cheeseburger
959,960,Cheeseburger
960,961,Harry's Deluxe Burger
961,962,Harry's Deluxe Burger
962,963,Cheeseburger
963,964,Cheeseburger
964,965,Cheeseburger
965,966,Hamburger
966,967,Harry's Deluxe Burger
967,968,Harry's Deluxe Burger
968,969,Harry's Deluxe Burger
969,970,Harry's Deluxe Burger
970,971,Cheeseburger
971,972,Harry's Deluxe Burger
972,973,Cheeseburger
973,974,Harry's Deluxe Burger
974,975,Harry's Deluxe Burger
975,976,Harry's Deluxe Burger
976,977,Hamburger
977,978,Harry's Deluxe Burger
978,979,Harry's Deluxe Burger
979,980,Cheeseburger
980,981,Harry's Deluxe Burger
981,982,Harry's Deluxe Burger
982,983,Harry's Deluxe Burger
983,984,Harry's Deluxe Burger
984,985,Hamburger
985,986,Cheeseburger
986,987,Cheeseburger
987,988,Harry's Deluxe Burger
988,989,Cheeseburger
989,990,Harry's Deluxe Burger
990,991,Harry's Deluxe Burger
991,992,Harry's Deluxe Burger
992,993,Harry's Deluxe Burger
993,994,Cheeseburger
994,995,Harry's Deluxe Burger
995,996,Harry's Deluxe Burger
996,997,Harry's Deluxe Burger
997,998,Cheeseburger
998,999,Cheeseburger
999,1000,Harry's Deluxe Burger
1000,1001,Harry's Deluxe Burger
1001,1002,Harry's Deluxe Burger
1002,1003,Harry's Deluxe Burger
1003,1004,Harry's Deluxe Burger
1004,1005,Harry's Deluxe Burger
1005,1006,Harry's Deluxe Burger
1006,1007,Harry's Deluxe Burger
1007,1008,Harry's Deluxe Burger
1008,1009,Cheeseburger
1009,1010,Harry's Deluxe Burger
1010,1011,Harry's Deluxe Burger
1011,1012,Harry's Deluxe Burger
1012,1013,Harry's Deluxe Burger
1013,1014,Harry's Deluxe Burger
1014,1015,Harry's Deluxe Burger
1015,1016,Cheeseburger
1016,1017,Harry's Deluxe Burger
1017,1018,Harry's Deluxe Burger
1018,1019,Harry's Deluxe Burger
1019,1020,Harry's Deluxe Burger
1020,1021,Harry's Deluxe Burger
1021,1022,Harry's Deluxe Burger
1022,1023,Harry's Deluxe Burger
1023,1024,Cheeseburger
1024,1025,Harry's Deluxe Burger
1025,1026,Harry's Deluxe Burger
1026,1027,Hamburger
1027,1028,Cheeseburger
1028,1029,Harry's Deluxe Burger
1029,1030,Harry's Deluxe Burger
1030,1031,Harry's Deluxe Burger
1031,1032,Cheeseburger
1032,1033,Cheeseburger
1033,1034,Cheeseburger
1034,1035,Cheeseburger
1035,1036,Harry's Deluxe Burger
1036,1037,Cheeseburger
1037,1038,Harry's Deluxe Burger
1038,1039,Harry's Deluxe Burger
1039,1040,Harry's Deluxe Burger
1040,1041,Hamburger
1041,1042,Harry's Deluxe Burger
1042,1043,Harry's Deluxe Burger
1043,1044,Harry's Deluxe Burger
1044,1045,Harry's Deluxe Burger
1045,1046,Harry's Deluxe Burger
1046,1047,Harry's Deluxe Burger
1047,1048,Harry's Deluxe Burger
1048,1049,Cheeseburger
1049,1050,Harry's Deluxe Burger
1050,1051,Hamburger
1051,1052,Harry's Deluxe Burger
1052,1053,Harry's Deluxe Burger
1053,1054,Hamburger
1054,1055,Harry's Deluxe Burger
1055,1056,Cheeseburger
1056,1057,Harry's Deluxe Burger
1057,1058,Harry's Deluxe Burger
1058,1059,Harry's Deluxe Burger
1059,1060,Cheeseburger
1060,1061,Harry's Deluxe Burger
1061,1062,Harry's Deluxe Burger
1062,1063,Harry's Deluxe Burger
1063,1064,Harry's Deluxe Burger
1064,1065,Cheeseburger
1065,1066,Harry's Deluxe Burger
1066,1067,Harry's Deluxe Burger
1067,1068,Cheeseburger
1068,1069,Harry's Deluxe Burger
1069,1070,Harry's Deluxe Burger
1070,1071,Harry's Deluxe Burger
1071,1072,Hamburger
1072,1073,Cheeseburger
1073,1074,Harry's Deluxe Burger
1074,1075,Hamburger
1075,1076,Harry's Deluxe Burger
1076,1077,Harry's Deluxe Burger
1077,1078,Harry's Deluxe Burger
1078,1079,Harry's Deluxe Burger
1079,1080,Cheeseburger
1080,1081,Hamburger
1081,1082,Harry's Deluxe Burger
1082,1083,Harry's Deluxe Burger
1083,1084,Harry's Deluxe Burger
1084,1085,Harry's Deluxe Burger
1085,1086,Harry's Deluxe Burger
1086,1087,Harry's Deluxe Burger
1087,1088,Cheeseburger
1088,1089,Cheeseburger
1089,1090,Cheeseburger
1090,1091,Harry's Deluxe Burger
1091,1092,Harry's Deluxe Burger
1092,1093,Harry's Deluxe Burger
1093,1094,Cheeseburger
1094,1095,Harry's Deluxe Burger
1095,1096,Harry's Deluxe Burger
1096,1097,Cheeseburger
1097,1098,Harry's Deluxe Burger
1098,1099,Harry's Deluxe Burger
1099,1100,Harry's Deluxe Burger
1100,1101,Harry's Deluxe Burger
1101,1102,Cheeseburger
1102,1103,Harry's Deluxe Burger
1103,1104,Harry's Deluxe Burger
1104,1105,Harry's Deluxe Burger
1105,1106,Harry's Deluxe Burger
1106,1107,Hamburger
1107,1108,Harry's Deluxe Burger
1108,1109,Harry's Deluxe Burger
1109,1110,Cheeseburger
1110,1111,Harry's Deluxe Burger
1111,1112,Cheeseburger
1112,1113,Harry's Deluxe Burger
1113,1114,Cheeseburger
1114,1115,Harry's Deluxe Burger
1115,1116,Cheeseburger
1116,1117,Harry's Deluxe Burger
1117,1118,Harry's Deluxe Burger
1118,1119,Hamburger
1119,1120,Harry's Deluxe Burger
1120,1121,Cheeseburger
1121,1122,Harry's Deluxe Burger
1122,1123,Cheeseburger
1123,1124,Hamburger
1124,1125,Cheeseburger
1125,1126,Harry's Deluxe Burger
1126,1127,Harry's Deluxe Burger
1127,1128,Cheeseburger
1128,1129,Harry's Deluxe Burger
1129,1130,Harry's Deluxe Burger
1130,1131,Harry's Deluxe Burger
1131,1132,Hamburger
1132,1133,Cheeseburger
1133,1134,Harry's Deluxe Burger
1134,1135,Harry's Deluxe Burger
1135,1136,Cheeseburger
1136,1137,Harry's Deluxe Burger
1137,1138,Harry's Deluxe Burger
1138,1139,Cheeseburger
1139,1140,Cheeseburger
1140,1141,Cheeseburger
1141,1142,Harry's Deluxe Burger
1142,1143,Harry's Deluxe Burger
1143,1144,Harry's Deluxe Burger
1144,1145,Hamburger
1145,1146,Harry's Deluxe Burger
1146,1147,Cheeseburger
1147,1148,Hamburger
1148,1149,Harry's Deluxe Burger
1149,1150,Cheeseburger
1150,1151,Harry's Deluxe Burger
1151,1152,Harry's Deluxe Burger
1152,1153,Hamburger
1153,1154,Cheeseburger
1154,1155,Hamburger
1155,1156,Harry's Deluxe Burger
1156,1157,Harry's Deluxe Burger
1157,1158,Cheeseburger
1158,1159,Harry's Deluxe Burger
1159,1160,Harry's Deluxe Burger
1160,1161,Harry's Deluxe Burger
1161,1162,Harry's Deluxe Burger
1162,1163,Hamburger
1163,1164,Harry's Deluxe Burger
1164,1165,Harry's Deluxe Burger
1165,1166,Hamburger
1166,1167,Harry's Deluxe Burger
1167,1168,Cheeseburger
1168,1169,Harry's Deluxe Burger
1169,1170,Harry's Deluxe Burger
1170,1171,Harry's Deluxe Burger
1171,1172,Cheeseburger
1172,1173,Cheeseburger
1173,1174,Cheeseburger
1174,1175,Hamburger
1175,1176,Harry's Deluxe Burger
1176,1177,Cheeseburger
1177,1178,Harry's Deluxe Burger
1178,1179,Harry's Deluxe Burger
1179,1180,Cheeseburger
1180,1181,Harry's Deluxe Burger
1181,1182,Cheeseburger
1182,1183,Harry's Deluxe Burger
1183,1184,Cheeseburger
1184,1185,Cheeseburger
1185,1186,Harry's Deluxe Burger
1186,1187,Harry's Deluxe Burger
1187,1188,Harry's Deluxe Burger
1188,1189,Cheeseburger
1189,1190,Cheeseburger
1190,1191,Cheeseburger
1191,1192,Harry's Deluxe Burger
1192,1193,Cheeseburger
1193,1194,Harry's Deluxe Burger
1194,1195,Cheeseburger
1195,1196,Harry's Deluxe Burger
1196,1197,Hamburger
1197,1198,Harry's Deluxe Burger
1198,1199,Harry's Deluxe Burger
1199,1200,Harry's Deluxe Burger
1200,1201,Harry's Deluxe Burger
1201,1202,Cheeseburger
1202,1203,Harry's Deluxe Burger
1203,1204,Hamburger
1204,1205,Harry's Deluxe Burger
1205,1206,Cheeseburger
1206,1207,Cheeseburger
1207,1208,Hamburger
1208,1209,Harry's Deluxe Burger
1209,1210,Harry's Deluxe Burger
1210,1211,Cheeseburger
1211,1212,Cheeseburger
1212,1213,Cheeseburger
1213,1214,Cheeseburger
1214,1215,Cheeseburger
1215,1216,Hamburger
1216,1217,Harry's Deluxe Burger
1217,1218,Harry's Deluxe Burger
1218,1219,Harry's Deluxe Burger
1219,1220,Harry's Deluxe Burger
1220,1221,Harry's Deluxe Burger
1221,1222,Harry's Deluxe Burger
1222,1223,Harry's Deluxe Burger
1223,1224,Cheeseburger
1224,1225,Harry's Deluxe Burger
1225,1226,Harry's Deluxe Burger
1226,1227,Harry's Deluxe Burger
1227,1228,Harry's Deluxe Burger
1228,1229,Harry's Deluxe Burger
1229,1230,Hamburger
1230,1231,Harry's Deluxe Burger
1231,1232,Cheeseburger
1232,1233,Hamburger
1233,1234,Harry's Deluxe Burger
1234,1235,Cheeseburger
1235,1236,Harry's Deluxe Burger
1236,1237,Harry's Deluxe Burger
1237,1238,Hamburger
1238,1239,Harry's Deluxe Burger
1239,1240,Harry's Deluxe Burger
1240,1241,Cheeseburger
1241,1242,Harry's Deluxe Burger
1242,1243,Harry's Deluxe Burger
1243,1244,Hamburger
1244,1245,Harry's Deluxe Burger
1245,1246,Harry's Deluxe Burger
1246,1247,Harry's Deluxe Burger
1247,1248,Cheeseburger
1248,1249,Harry's Deluxe Burger
1249,1250,Cheeseburger
1250,1251,Harry's Deluxe Burger
1251,1252,Harry's Deluxe Burger
1252,1253,Cheeseburger
1253,1254,Cheeseburger
1254,1255,Cheeseburger
1255,1256,Cheeseburger
1256,1257,Harry's Deluxe Burger
1257,1258,Harry's Deluxe Burger
1258,1259,Harry's Deluxe Burger
1259,1260,Harry's Deluxe Burger
1260,1261,Cheeseburger
1261,1262,Harry's Deluxe Burger
1262,1263,Harry's Deluxe Burger
1263,1264,Cheeseburger
1264,1265,Hamburger
1265,1266,Harry's Deluxe Burger
1266,1267,Cheeseburger
1267,1268,Cheeseburger
1268,1269,Harry's Deluxe Burger
1269,1270,Harry's Deluxe Burger
1270,1271,Hamburger
1271,1272,Hamburger
1272,1273,Harry's Deluxe Burger
1273,1274,Harry's Deluxe Burger
1274,1275,Harry's Deluxe Burger
1275,1276,Cheeseburger
1276,1277,Harry's Deluxe Burger
1277,1278,Harry's Deluxe Burger
1278,1279,Harry's Deluxe Burger
1279,1280,Cheeseburger
1280,1281,Cheeseburger
1281,1282,Harry's Deluxe Burger
1282,1283,Harry's Deluxe Burger
1283,1284,Hamburger
1284,1285,Cheeseburger
1285,1286,Harry's Deluxe Burger
1286,1287,Harry's Deluxe Burger
1287,1288,Harry's Deluxe Burger
1288,1289,Harry's Deluxe Burger
1289,1290,Cheeseburger
1290,1291,Harry's Deluxe Burger
1291,1292,Hamburger
1292,1293,Harry's Deluxe Burger
1293,1294,Cheeseburger
1294,1295,Harry's Deluxe Burger
1295,1296,Hamburger
1296,1297,Cheeseburger
1297,1298,Hamburger
1298,1299,Hamburger
1299,1300,Cheeseburger
1300,1301,Harry's Deluxe Burger
1301,1302,Hamburger
1302,1303,Harry's Deluxe Burger
1303,1304,Hamburger
1304,1305,Hamburger
1305,1306,Harry's Deluxe Burger
1306,1307,Harry's Deluxe Burger
1307,1308,Harry's Deluxe Burger
1308,1309,Cheeseburger
1309,1310,Harry's Deluxe Burger
1310,1311,Cheeseburger
1311,1312,Hamburger
1312,1313,Cheeseburger
1313,1314,Harry's Deluxe Burger
1314,1315,Harry's Deluxe Burger
1315,1316,Cheeseburger
1316,1317,Harry's Deluxe Burger
1317,1318,Harry's Deluxe Burger
1318,1319,Harry's Deluxe Burger
1319,1320,Harry's Deluxe Burger
1320,1321,Cheeseburger
1321,1322,Hamburger
1322,1323,Harry's Deluxe Burger
1323,1324,Harry's Deluxe Burger
1324,1325,Harry's Deluxe Burger
1325,1326,Cheeseburger
1326,1327,Cheeseburger
1327,1328,Harry's Deluxe Burger
1328,1329,Hamburger
1329,1330,Harry's Deluxe Burger
1330,1331,Harry's Deluxe Burger
1331,1332,Harry's Deluxe Burger
1332,1333,Cheeseburger
1333,1334,Harry's Deluxe Burger
1334,1335,Harry's Deluxe Burger
1335,1336,Cheeseburger
1336,1337,Cheeseburger
1337,1338,Cheeseburger
1338,1339,Cheeseburger
1339,1340,Harry's Deluxe Burger
1340,1341,Harry's Deluxe Burger
1341,1342,Harry's Deluxe Burger
1342,1343,Harry's Deluxe Burger
1343,1344,Harry's Deluxe Burger
1344,1345,Harry's Deluxe Burger
1345,1346,Harry's Deluxe Burger
1346,1347,Harry's Deluxe Burger
1347,1348,Harry's Deluxe Burger
1348,1349,Harry's Deluxe Burger
1349,1350,Hamburger
1350,1351,Harry's Deluxe Burger
1351,1352,Harry's Deluxe Burger
1352,1353,Cheeseburger
1353,1354,Cheeseburger
1354,1355,Harry's Deluxe Burger
1355,1356,Harry's Deluxe Burger
1356,1357,Harry's Deluxe Burger
1357,1358,Harry's Deluxe Burger
1358,1359,Cheeseburger
1359,1360,Harry's Deluxe Burger
1360,1361,Cheeseburger
1361,1362,Cheeseburger
1362,1363,Harry's Deluxe Burger
1363,1364,Cheeseburger
1364,1365,Harry's Deluxe Burger
1365,1366,Harry's Deluxe Burger
1366,1367,Harry's Deluxe Burger
1367,1368,Cheeseburger
1368,1369,Hamburger
1369,1370,Harry's Deluxe Burger
1370,1371,Harry's Deluxe Burger
1371,1372,Cheeseburger
1372,1373,Harry's Deluxe Burger
1373,1374,Harry's Deluxe Burger
1374,1375,Harry's Deluxe Burger
1375,1376,Harry's Deluxe Burger
1376,1377,Harry's Deluxe Burger
1377,1378,Cheeseburger
1378,1379,Harry's Deluxe Burger
1379,1380,Harry's Deluxe Burger
1380,1381,Cheeseburger
1381,1382,Hamburger
1382,1383,Harry's Deluxe Burger
1383,1384,Harry's Deluxe Burger
1384,1385,Harry's Deluxe Burger
1385,1386,Harry's Deluxe Burger
1386,1387,Harry's Deluxe Burger
1387,1388,Harry's Deluxe Burger
1388,1389,Harry's Deluxe Burger
1389,1390,Cheeseburger
1390,1391,Harry's Deluxe Burger
1391,1392,Hamburger
1392,1393,Harry's Deluxe Burger
1393,1394,Harry's Deluxe Burger
1394,1395,Harry's Deluxe Burger
1395,1396,Harry's Deluxe Burger
1396,1397,Hamburger
1397,1398,Harry's Deluxe Burger
1398,1399,Cheeseburger
1399,1400,Cheeseburger
1400,1401,Harry's Deluxe Burger
1401,1402,Harry's Deluxe Burger
1402,1403,Cheeseburger
1403,1404,Cheeseburger
1404,1405,Harry's Deluxe Burger
1405,1406,Harry's Deluxe Burger
1406,1407,Hamburger
1407,1408,Harry's Deluxe Burger
1408,1409,Harry's Deluxe Burger
1409,1410,Harry's Deluxe Burger
1410,1411,Harry's Deluxe Burger
1411,1412,Harry's Deluxe Burger
1412,1413,Cheeseburger
1413,1414,Harry's Deluxe Burger
1414,1415,Harry's Deluxe Burger
1415,1416,Harry's Deluxe Burger
1416,1417,Harry's Deluxe Burger
1417,1418,Hamburger
1418,1419,Harry's Deluxe Burger
1419,1420,Harry's Deluxe Burger
1420,1421,Hamburger
1421,1422,Cheeseburger
1422,1423,Cheeseburger
1423,1424,Harry's Deluxe Burger
1424,1425,Cheeseburger
1425,1426,Harry's Deluxe Burger
1426,1427,Hamburger
1427,1428,Harry's Deluxe Burger
1428,1429,Hamburger
1429,1430,Harry's Deluxe Burger
1430,1431,Harry's Deluxe Burger
1431,1432,Harry's Deluxe Burger
1432,1433,Harry's Deluxe Burger
1433,1434,Harry's Deluxe Burger
1434,1435,Harry's Deluxe Burger
1435,1436,Cheeseburger
1436,1437,Harry's Deluxe Burger
1437,1438,Harry's Deluxe Burger
1438,1439,Harry's Deluxe Burger
1439,1440,Harry's Deluxe Burger
1440,1441,Harry's Deluxe Burger
1441,1442,Harry's Deluxe Burger
1442,1443,Harry's Deluxe Burger
1443,1444,Hamburger
1444,1445,Hamburger
1445,1446,Cheeseburger
1446,1447,Cheeseburger
1447,1448,Harry's Deluxe Burger
1448,1449,Harry's Deluxe Burger
1449,1450,Harry's Deluxe Burger
1450,1451,Harry's Deluxe Burger
1451,1452,Harry's Deluxe Burger
1452,1453,Cheeseburger
1453,1454,Cheeseburger
1454,1455,Hamburger
1455,1456,Harry's Deluxe Burger
1456,1457,Harry's Deluxe Burger
1457,1458,Cheeseburger
1458,1459,Harry's Deluxe Burger
1459,1460,Harry's Deluxe Burger
1460,1461,Harry's Deluxe Burger
1461,1462,Cheeseburger
1462,1463,Harry's Deluxe Burger
1463,1464,Cheeseburger
1464,1465,Harry's Deluxe Burger
1465,1466,Cheeseburger
1466,1467,Harry's Deluxe Burger
1467,1468,Cheeseburger
1468,1469,Harry's Deluxe Burger
1469,1470,Cheeseburger
1470,1471,Cheeseburger
1471,1472,Harry's Deluxe Burger
1472,1473,Harry's Deluxe Burger
1473,1474,Harry's Deluxe Burger
1474,1475,Harry's Deluxe Burger
1475,1476,Cheeseburger
1476,1477,Harry's Deluxe Burger
1477,1478,Cheeseburger
1478,1479,Cheeseburger
1479,1480,Harry's Deluxe Burger
1480,1481,Hamburger
1481,1482,Cheeseburger
1482,1483,Harry's Deluxe Burger
1483,1484,Harry's Deluxe Burger
1484,1485,Cheeseburger
1485,1486,Harry's Deluxe Burger
1486,1487,Harry's Deluxe Burger
1487,1488,Harry's Deluxe Burger
1488,1489,Cheeseburger
1489,1490,Harry's Deluxe Burger
1490,1491,Cheeseburger
1491,1492,Harry's Deluxe Burger
1492,1493,Harry's Deluxe Burger
1493,1494,Cheeseburger
1494,1495,Harry's Deluxe Burger
1495,1496,Cheeseburger
1496,1497,Harry's Deluxe Burger
1497,1498,Harry's Deluxe Burger
1498,1499,Harry's Deluxe Burger
1499,1500,Harry's Deluxe Burger
1500,1501,Cheeseburger
1501,1502,Harry's Deluxe Burger
1502,1503,Harry's Deluxe Burger
1503,1504,Hamburger
1504,1505,Hamburger
1505,1506,Harry's Deluxe Burger
1506,1507,Cheeseburger
1507,1508,Harry's Deluxe Burger
1508,1509,Harry's Deluxe Burger
1509,1510,Cheeseburger
1510,1511,Harry's Deluxe Burger
1511,1512,Harry's Deluxe Burger
1512,1513,Harry's Deluxe Burger
1513,1514,Cheeseburger
1514,1515,Harry's Deluxe Burger
1515,1516,Hamburger
1516,1517,Harry's Deluxe Burger
1517,1518,Cheeseburger
1518,1519,Cheeseburger
1519,1520,Cheeseburger
1520,1521,Hamburger
1521,1522,Harry's Deluxe Burger
1522,1523,Hamburger
1523,1524,Harry's Deluxe Burger
1524,1525,Hamburger
1525,1526,Cheeseburger
1526,1527,Cheeseburger
1527,1528,Hamburger
1528,1529,Harry's Deluxe Burger
1529,1530,Hamburger
1530,1531,Cheeseburger
1531,1532,Hamburger
1532,1533,Hamburger
1533,1534,Harry's Deluxe Burger
1534,1535,Cheeseburger
1535,1536,Harry's Deluxe Burger
1536,1537,Cheeseburger
1537,1538,Hamburger
1538,1539,Harry's Deluxe Burger
1539,1540,Cheeseburger
1540,1541,Hamburger
1541,1542,Harry's Deluxe Burger
1542,1543,Harry's Deluxe Burger
1543,1544,Harry's Deluxe Burger
1544,1545,Cheeseburger
1545,1546,Hamburger
1546,1547,Harry's Deluxe Burger
1547,1548,Harry's Deluxe Burger
1548,1549,Harry's Deluxe Burger
1549,1550,Hamburger
1550,1551,Cheeseburger
1551,1552,Harry's Deluxe Burger
1552,1553,Harry's Deluxe Burger
1553,1554,Cheeseburger
1554,1555,Cheeseburger
1555,1556,Harry's Deluxe Burger
1556,1557,Cheeseburger
1557,1558,Harry's Deluxe Burger
1558,1559,Cheeseburger
1559,1560,Harry's Deluxe Burger
1560,1561,Harry's Deluxe Burger
1561,1562,Harry's Deluxe Burger
1562,1563,Harry's Deluxe Burger
1563,1564,Hamburger
1564,1565,Cheeseburger
1565,1566,Hamburger
1566,1567,Harry's Deluxe Burger
1567,1568,Cheeseburger
1568,1569,Harry's Deluxe Burger
1569,1570,Hamburger
1570,1571,Harry's Deluxe Burger
1571,1572,Cheeseburger
1572,1573,Cheeseburger
1573,1574,Harry's Deluxe Burger
1574,1575,Cheeseburger
1575,1576,Hamburger
1576,1577,Harry's Deluxe Burger
1577,1578,Cheeseburger
1578,1579,Harry's Deluxe Burger
1579,1580,Hamburger
1580,1581,Hamburger
1581,1582,Harry's Deluxe Burger
1582,1583,Cheeseburger
1583,1584,Hamburger
1584,1585,Hamburger
1585,1586,Cheeseburger
1586,1587,Cheeseburger
1587,1588,Hamburger
1588,1589,Harry's Deluxe Burger
1589,1590,Harry's Deluxe Burger
1590,1591,Cheeseburger
1591,1592,Harry's Deluxe Burger
1592,1593,Hamburger
1593,1594,Cheeseburger
1594,1595,Harry's Deluxe Burger
1595,1596,Harry's Deluxe Burger
1596,1597,Harry's Deluxe Burger
1597,1598,Harry's Deluxe Burger
1598,1599,Cheeseburger
1599,1600,Cheeseburger
1600,1601,Hamburger
1601,1602,Harry's Deluxe Burger
1602,1603,Harry's Deluxe Burger
1603,1604,Harry's Deluxe Burger
1604,1605,Cheeseburger
1605,1606,Cheeseburger
1606,1607,Harry's Deluxe Burger
1607,1608,Harry's Deluxe Burger
1608,1609,Harry's Deluxe Burger
1609,1610,Harry's Deluxe Burger
1610,1611,Harry's Deluxe Burger
1611,1612,Harry's Deluxe Burger
1612,1613,Hamburger
1613,1614,Harry's Deluxe Burger
1614,1615,Harry's Deluxe Burger
1615,1616,Harry's Deluxe Burger
1616,1617,Harry's Deluxe Burger
1617,1618,Harry's Deluxe Burger
1618,1619,Cheeseburger
1619,1620,Harry's Deluxe Burger
1620,1621,Harry's Deluxe Burger
1621,1622,Harry's Deluxe Burger
1622,1623,Harry's Deluxe Burger
1623,1624,Harry's Deluxe Burger
1624,1625,Harry's Deluxe Burger
1625,1626,Harry's Deluxe Burger
1626,1627,Harry's Deluxe Burger
1627,1628,Harry's Deluxe Burger
1628,1629,Harry's Deluxe Burger
1629,1630,Hamburger
1630,1631,Cheeseburger
1631,1632,Cheeseburger
1632,1633,Harry's Deluxe Burger
1633,1634,Harry's Deluxe Burger
1634,1635,Hamburger
1635,1636,Harry's Deluxe Burger
1636,1637,Harry's Deluxe Burger
1637,1638,Harry's Deluxe Burger
1638,1639,Harry's Deluxe Burger
1639,1640,Cheeseburger
1640,1641,Harry's Deluxe Burger
1641,1642,Cheeseburger
1642,1643,Harry's Deluxe Burger
1643,1644,Harry's Deluxe Burger
1644,1645,Harry's Deluxe Burger
1645,1646,Cheeseburger
1646,1647,Hamburger
1647,1648,Harry's Deluxe Burger
1648,1649,Cheeseburger
1649,1650,Cheeseburger
1650,1651,Cheeseburger
1651,1652,Harry's Deluxe Burger
1652,1653,Cheeseburger
1653,1654,Harry's Deluxe Burger
1654,1655,Harry's Deluxe Burger
1655,1656,Hamburger
1656,1657,Cheeseburger
1657,1658,Cheeseburger
1658,1659,Harry's Deluxe Burger
1659,1660,Harry's Deluxe Burger
1660,1661,Cheeseburger
1661,1662,Harry's Deluxe Burger
1662,1663,Cheeseburger
1663,1664,Cheeseburger
1664,1665,Hamburger
1665,1666,Harry's Deluxe Burger
1666,1667,Cheeseburger
1667,1668,Hamburger
1668,1669,Cheeseburger
1669,1670,Harry's Deluxe Burger
1670,1671,Harry's Deluxe Burger
1671,1672,Harry's Deluxe Burger
1672,1673,Hamburger
1673,1674,Harry's Deluxe Burger
1674,1675,Harry's Deluxe Burger
1675,1676,Harry's Deluxe Burger
1676,1677,Harry's Deluxe Burger
1677,1678,Harry's Deluxe Burger
1678,1679,Cheeseburger
1679,1680,Cheeseburger
1680,1681,Cheeseburger
1681,1682,Harry's Deluxe Burger
1682,1683,Cheeseburger
1683,1684,Cheeseburger
1684,1685,Harry's Deluxe Burger
1685,1686,Harry's Deluxe Burger
1686,1687,Harry's Deluxe Burger
1687,1688,Hamburger
1688,1689,Harry's Deluxe Burger
1689,1690,Hamburger
1690,1691,Harry's Deluxe Burger
1691,1692,Harry's Deluxe Burger
1692,1693,Hamburger
1693,1694,Harry's Deluxe Burger
1694,1695,Cheeseburger
1695,1696,Cheeseburger
1696,1697,Harry's Deluxe Burger
1697,1698,Harry's Deluxe Burger
1698,1699,Cheeseburger
1699,1700,Cheeseburger
1700,1701,Harry's Deluxe Burger
1701,1702,Cheeseburger
1702,1703,Harry's Deluxe Burger
1703,1704,Cheeseburger
1704,1705,Cheeseburger
1705,1706,Hamburger
1706,1707,Cheeseburger
1707,1708,Cheeseburger
1708,1709,Harry's Deluxe Burger
1709,1710,Cheeseburger
1710,1711,Harry's Deluxe Burger
1711,1712,Harry's Deluxe Burger
1712,1713,Hamburger
1713,1714,Cheeseburger
1714,1715,Harry's Deluxe Burger
1715,1716,Harry's Deluxe Burger
1716,1717,Harry's Deluxe Burger
1717,1718,Harry's Deluxe Burger
1718,1719,Cheeseburger
1719,1720,Hamburger
1720,1721,Harry's Deluxe Burger
1721,1722,Hamburger
1722,1723,Harry's Deluxe Burger
1723,1724,Harry's Deluxe Burger
1724,1725,Hamburger
1725,1726,Harry's Deluxe Burger
1726,1727,Harry's Deluxe Burger
1727,1728,Hamburger
1728,1729,Hamburger
1729,1730,Hamburger
1730,1731,Cheeseburger
1731,1732,Hamburger
1732,1733,Hamburger
1733,1734,Harry's Deluxe Burger
1734,1735,Harry's Deluxe Burger
1735,1736,Harry's Deluxe Burger
1736,1737,Cheeseburger
1737,1738,Hamburger
1738,1739,Hamburger
1739,1740,Harry's Deluxe Burger
1740,1741,Hamburger
1741,1742,Harry's Deluxe Burger
1742,1743,Hamburger
1743,1744,Harry's Deluxe Burger
1744,1745,Harry's Deluxe Burger
1745,1746,Cheeseburger
1746,1747,Hamburger
1747,1748,Hamburger
1748,1749,Cheeseburger
1749,1750,Cheeseburger
1750,1751,Harry's Deluxe Burger
1751,1752,Harry's Deluxe Burger
1752,1753,Harry's Deluxe Burger
1753,1754,Harry's Deluxe Burger
1754,1755,Harry's Deluxe Burger
1755,1756,Harry's Deluxe Burger
1756,1757,Harry's Deluxe Burger
1757,1758,Harry's Deluxe Burger
1758,1759,Harry's Deluxe Burger
1759,1760,Harry's Deluxe Burger
1760,1761,Hamburger
1761,1762,Harry's Deluxe Burger
1762,1763,Harry's Deluxe Burger
1763,1764,Harry's Deluxe Burger
1764,1765,Harry's Deluxe Burger
1765,1766,Harry's Deluxe Burger
1766,1767,Harry's Deluxe Burger
1767,1768,Cheeseburger
1768,1769,Cheeseburger
1769,1770,Harry's Deluxe Burger
1770,1771,Harry's Deluxe Burger
1771,1772,Harry's Deluxe Burger
1772,1773,Cheeseburger
1773,1774,Cheeseburger
1774,1775,Harry's Deluxe Burger
1775,1776,Harry's Deluxe Burger
1776,1777,Harry's Deluxe Burger
1777,1778,Cheeseburger
1778,1779,Cheeseburger
1779,1780,Cheeseburger
1780,1781,Harry's Deluxe Burger
1781,1782,Hamburger
1782,1783,Harry's Deluxe Burger
1783,1784,Hamburger
1784,1785,Hamburger
1785,1786,Harry's Deluxe Burger
1786,1787,Cheeseburger
1787,1788,Harry's Deluxe Burger
1788,1789,Harry's Deluxe Burger
1789,1790,Harry's Deluxe Burger
1790,1791,Harry's Deluxe Burger
1791,1792,Cheeseburger
1792,1793,Cheeseburger
1793,1794,Harry's Deluxe Burger
1794,1795,Harry's Deluxe Burger
1795,1796,Harry's Deluxe Burger
1796,1797,Cheeseburger
1797,1798,Harry's Deluxe Burger
1798,1799,Harry's Deluxe Burger
1799,1800,Harry's Deluxe Burger
1800,1801,Cheeseburger
1801,1802,Harry's Deluxe Burger
1802,1803,Harry's Deluxe Burger
1803,1804,Harry's Deluxe Burger
1804,1805,Harry's Deluxe Burger
1805,1806,Hamburger
1806,1807,Harry's Deluxe Burger
1807,1808,Harry's Deluxe Burger
1808,1809,Cheeseburger
1809,1810,Cheeseburger
1810,1811,Cheeseburger
1811,1812,Harry's Deluxe Burger
1812,1813,Harry's Deluxe Burger
1813,1814,Cheeseburger
1814,1815,Cheeseburger
1815,1816,Harry's Deluxe Burger
1816,1817,Harry's Deluxe Burger
1817,1818,Harry's Deluxe Burger
1818,1819,Harry's Deluxe Burger
1819,1820,Harry's Deluxe Burger
1820,1821,Cheeseburger
1821,1822,Harry's Deluxe Burger
1822,1823,Hamburger
1823,1824,Harry's Deluxe Burger
1824,1825,Harry's Deluxe Burger
1825,1826,Harry's Deluxe Burger
1826,1827,Cheeseburger
1827,1828,Harry's Deluxe Burger
1828,1829,Harry's Deluxe Burger
1829,1830,Harry's Deluxe Burger
1830,1831,Harry's Deluxe Burger
1831,1832,Cheeseburger
1832,1833,Harry's Deluxe Burger
1833,1834,Harry's Deluxe Burger
1834,1835,Harry's Deluxe Burger
1835,1836,Harry's Deluxe Burger
1836,1837,Cheeseburger
1837,1838,Harry's Deluxe Burger
1838,1839,Hamburger
1839,1840,Harry's Deluxe Burger
1840,1841,Harry's Deluxe Burger
1841,1842,Cheeseburger
1842,1843,Harry's Deluxe Burger
1843,1844,Harry's Deluxe Burger
1844,1845,Cheeseburger
1845,1846,Cheeseburger
1846,1847,Hamburger
1847,1848,Hamburger
1848,1849,Hamburger
1849,1850,Harry's Deluxe Burger
1850,1851,Hamburger
1851,1852,Cheeseburger
1852,1853,Cheeseburger
1853,1854,Harry's Deluxe Burger
1854,1855,Cheeseburger
1855,1856,Hamburger
1856,1857,Harry's Deluxe Burger
1857,1858,Harry's Deluxe Burger
1858,1859,Harry's Deluxe Burger
1859,1860,Cheeseburger
1860,1861,Cheeseburger
1861,1862,Hamburger
1862,1863,Harry's Deluxe Burger
1863,1864,Harry's Deluxe Burger
1864,1865,Cheeseburger
1865,1866,Hamburger
1866,1867,Cheeseburger
1867,1868,Cheeseburger
1868,1869,Hamburger
1869,1870,Harry's Deluxe Burger
1870,1871,Harry's Deluxe Burger
1871,1872,Cheeseburger
1872,1873,Harry's Deluxe Burger
1873,1874,Harry's Deluxe Burger
1874,1875,Cheeseburger
1875,1876,Cheeseburger
1876,1877,Harry's Deluxe Burger
1877,1878,Harry's Deluxe Burger
1878,1879,Harry's Deluxe Burger
1879,1880,Cheeseburger
1880,1881,Cheeseburger
1881,1882,Harry's Deluxe Burger
1882,1883,Harry's Deluxe Burger
1883,1884,Cheeseburger
1884,1885,Cheeseburger
1885,1886,Harry's Deluxe Burger
1886,1887,Harry's Deluxe Burger
1887,1888,Harry's Deluxe Burger
1888,1889,Harry's Deluxe Burger
1889,1890,Harry's Deluxe Burger
1890,1891,Cheeseburger
1891,1892,Harry's Deluxe Burger
1892,1893,Hamburger
1893,1894,Harry's Deluxe Burger
1894,1895,Cheeseburger
1895,1896,Harry's Deluxe Burger
1896,1897,Harry's Deluxe Burger
1897,1898,Harry's Deluxe Burger
1898,1899,Cheeseburger
1899,1900,Harry's Deluxe Burger
1900,1901,Cheeseburger
1901,1902,Hamburger
1902,1903,Cheeseburger
1903,1904,Harry's Deluxe Burger
1904,1905,Hamburger
1905,1906,Cheeseburger
1906,1907,Harry's Deluxe Burger
1907,1908,Hamburger
1908,1909,Cheeseburger
1909,1910,Cheeseburger
1910,1911,Harry's Deluxe Burger
1911,1912,Harry's Deluxe Burger
1912,1913,Harry's Deluxe Burger
1913,1914,Hamburger
1914,1915,Cheeseburger
1915,1916,Harry's Deluxe Burger
1916,1917,Hamburger
1917,1918,Cheeseburger
1918,1919,Cheeseburger
1919,1920,Harry's Deluxe Burger
1920,1921,Hamburger
1921,1922,Harry's Deluxe Burger
1922,1923,Cheeseburger
1923,1924,Harry's Deluxe Burger
1924,1925,Harry's Deluxe Burger
1925,1926,Cheeseburger
1926,1927,Cheeseburger
1927,1928,Cheeseburger
1928,1929,Harry's Deluxe Burger
1929,1930,Harry's Deluxe Burger
1930,1931,Cheeseburger
1931,1932,Hamburger
1932,1933,Harry's Deluxe Burger
1933,1934,Cheeseburger
1934,1935,Cheeseburger
1935,1936,Harry's Deluxe Burger
1936,1937,Harry's Deluxe Burger
1937,1938,Hamburger
1938,1939,Harry's Deluxe Burger
1939,1940,Harry's Deluxe Burger
1940,1941,Hamburger
1941,1942,Harry's Deluxe Burger
1942,1943,Cheeseburger
1943,1944,Harry's Deluxe Burger
1944,1945,Harry's Deluxe Burger
1945,1946,Cheeseburger
1946,1947,Cheeseburger
1947,1948,Hamburger
1948,1949,Cheeseburger
1949,1950,Harry's Deluxe Burger
1950,1951,Cheeseburger
1951,1952,Harry's Deluxe Burger
1952,1953,Harry's Deluxe Burger
1953,1954,Harry's Deluxe Burger
1954,1955,Cheeseburger
1955,1956,Harry's Deluxe Burger
1956,1957,Harry's Deluxe Burger
1957,1958,Harry's Deluxe Burger
1958,1959,Cheeseburger
1959,1960,Cheeseburger
1960,1961,Cheeseburger
1961,1962,Cheeseburger
1962,1963,Harry's Deluxe Burger
1963,1964,Cheeseburger
1964,1965,Harry's Deluxe Burger
1965,1966,Harry's Deluxe Burger
1966,1967,Harry's Deluxe Burger
1967,1968,Harry's Deluxe Burger
1968,1969,Harry's Deluxe Burger
1969,1970,Cheeseburger
1970,1971,Harry's Deluxe Burger
1971,1972,Hamburger
1972,1973,Harry's Deluxe Burger
1973,1974,Cheeseburger
1974,1975,Hamburger
1975,1976,Harry's Deluxe Burger
1976,1977,Harry's Deluxe Burger
1977,1978,Cheeseburger
1978,1979,Cheeseburger
1979,1980,Hamburger
1980,1981,Harry's Deluxe Burger
1981,1982,Cheeseburger
1982,1983,Harry's Deluxe Burger
1983,1984,Harry's Deluxe Burger
1984,1985,Cheeseburger
1985,1986,Harry's Deluxe Burger
1986,1987,Harry's Deluxe Burger
1987,1988,Hamburger
1988,1989,Cheeseburger
1989,1990,Harry's Deluxe Burger
1990,1991,Cheeseburger
1991,1992,Hamburger
1992,1993,Harry's Deluxe Burger
1993,1994,Harry's Deluxe Burger
1994,1995,Hamburger
1995,1996,Harry's Deluxe Burger
1996,1997,Cheeseburger
1997,1998,Harry's Deluxe Burger
1998,1999,Cheeseburger
1999,2000,Hamburger
